""	"pathway"	"pathway_members"	"pval"	"fdr"	"n"	"N"	"set_enrichment_score"
"W42"	"path:mmu03040"	"Tra2a;Ddx5;Hnrnpc;Srsf2;Srsf5;Snrnp70;Fus;Thoc2;Hnrnpu;Ddx39b;Acin1;Prpf38b;Rbm25;Srsf6;Hnrnpm;Sf3b1"	1.29444687472156e-08	3.26200612429832e-06	16	16	754
"W174"	"path:mmu04974"	"Col16a1;Col14a1;Col15a1;Col3a1;Col5a1;Col5a2;Col6a3;Col1a1;Col1a2;Dpp4;Eln;Slc1a5;Slc8a1;Col5a3;Slc16a10;Atp1a2"	0.00158496241189858	0.199705263899221	16	16	2428
"W136"	"path:mmu04742"	"Cacna1c;Plcb1;Plcb4"	0.0062962696217134	0.528886648223926	3	3	1622.5
"W29"	"path:mmu01100"	"Nat8f7;Acacb;Acaca;Pcca;Atp6v0b;Adcy9;Adk;Aldh1a1;Atp6v0a1;Bckdhb;Dnmt3a;Ext1;Fhit;Gda;Gfpt1;B4galt1;Gls;Glud1;Large1;Man1a;Man2a1;Nsd1;P4ha2;Pafah1b1;Pik3ca;Pip4k2a;Plcb1;Plcb4;Pld1;Plpp1;Pten;Ash1l;St3gal3;St3gal1;St3gal4;Sgms1;Adcy2;Inpp5a;Dse;Galnt17;Kmt2a;Aldh1l2;Gmds;Xdh;Kmt5b;Man1c1;Kmt2c;Xylt1;Nsd3;Setd2;Pde4d;Mgll;Gphn;St6galnac5;Acss3;Fut8;Pde3a;Oxct1;Plpp3;Kmt2e;Smyd3;Cers5;Camkmt;Plce1;Mtmr3;Acyp2;Upp2;Nt5c2;Ehmt1;Chsy3;Nat8f3;Dpyd"	0.0138753688190016	0.81693300896673	72	72	23959
"W38"	"path:mmu03013"	"Kpna4;Ranbp2;Tnpo1;Thoc2;Srrm1;Ddx39b;Acin1"	0.0201799483053749	0.81693300896673	7	7	967.5
"W216"	"path:mmu05202"	"Jmjd1c;Supt3;Birc3;Runx1t1;Ddx5;Etv6;Ewsr1;Ptk2;Hpgd;Igf1r;Maf;Mef2c;Meis1;Mitf;Aff1;Nfkb1;Pbx1;Cdk14;Ncor1;Kmt2a;Zeb1;Tgfbr2;Uty;Fus;Zbtb16;Fut8;Gria3;Foxo1;Bcl11b;Taf15"	0.0245826340838259	0.81693300896673	30	30	6412
"W131"	"path:mmu04726"	"Braf;App;Cacna1c;Gnaq;Gnas;Gnb1;Gng12;Prkca;Prkcb;Plcb1;Plcb4;Mapk1"	0.0295556963372698	0.81693300896673	12	12	4634
"W84"	"path:mmu04260"	"Cacna1c;Cacna2d1;Slc8a1;Slc9a1;Asph;Trdn;Atp1a2"	0.0302723343037386	0.81693300896673	7	7	2919.5
"W175"	"path:mmu04975"	"Abca1;Plpp1;Plpp3"	0.032983136685153	0.81693300896673	3	3	242.5
"W246"	"path:mmu05412"	"Cacna1c;Cacna2d1;Ctnna1;Dag1;Dmd;Lama2;Slc8a1;Tcf7l1;Tcf7l2;Ctnna3;Sgcd"	0.0359688523689726	0.81693300896673	11	11	4254.5
"W68"	"path:mmu04136"	"Ulk2;Atg10;Rptor"	0.0359922552817277	0.81693300896673	3	3	1442.5
"W6"	"path:mmu00280"	"Pcca;Bckdhb;Oxct1"	0.0395695987790288	0.81693300896673	3	3	1431.5
"W244"	"path:mmu05323"	"Atp6v0b;Atp6v0a1;Tgfb2"	0.0464595475331751	0.81693300896673	3	3	282.5
"W198"	"path:mmu05143"	"Gnaq;Lama4;Prkca;Prkcb;Plcb1;Plcb4"	0.0530930198638442	0.81693300896673	6	6	2473
"W93"	"path:mmu04371"	"Prkag2;Adcy9;Gnaq;Gnb1;Gng12;Smad3;Mef2a;Mef2c;Nrf1;Prkce;Plcb1;Plcb4;Slc8a1;Slc9a1;Hdac4;Adcy2;Tgfbr1;Akt3;Mapk1"	0.0568893725223551	0.81693300896673	19	19	6745.5
"W19"	"path:mmu00562"	"Pik3ca;Pip4k2a;Plcb1;Plcb4;Pten;Inpp5a;Plce1;Mtmr3"	0.059717206444038	0.81693300896673	8	8	3136
"W128"	"path:mmu04723"	"Adcy9;Cacna1c;Gnaq;Gnb1;Gng12;Gria4;Prkca;Prkcb;Plcb1;Plcb4;Adcy2;Mgll;Mapk1;Mapk14;Gria3"	0.0646644719068767	0.81693300896673	15	15	5421.5
"W4"	"path:mmu00240"	"Upp2;Nt5c2;Dpyd"	0.0663590841700532	0.81693300896673	3	3	1368.5
"W98"	"path:mmu04512"	"Col6a3;Col1a1;Col1a2;Dag1;Fn1;Cd47;Lama2;Lama4;Lamc1;Tnxb"	0.0712212288478386	0.81693300896673	10	10	1885
"W86"	"path:mmu04270"	"Cald1;Braf;Adcy9;Cacna1c;Gnaq;Gnas;Ppp1r12a;Prkca;Prkcb;Prkce;Plcb1;Plcb4;Prkg1;Rock1;Rock2;Adcy2;Arhgef11;Mapk1;Ppp1r12b;Arhgef12"	0.0730629963293989	0.81693300896673	20	20	6982
"W123"	"path:mmu04713"	"Camk2d;Adcy9;Cacna1c;Camk2a;Gnaq;Gnas;Gnb1;Gng12;Gria4;Prkca;Prkcb;Plcb1;Plcb4;Prkg1;Adcy2;Mapk1;Gria3"	0.0850217194556307	0.81693300896673	17	17	5979.5
"W94"	"path:mmu04380"	"Fyn;Gab2;Il1r1;Jak1;Mitf;Nfkb1;Pik3ca;Pik3r1;Ppp3ca;Ppp3cb;Tgfb2;Tgfbr1;Tgfbr2;Akt3;Mapk1;Mapk14"	0.0897437574984643	0.81693300896673	16	16	3396
"W27"	"path:mmu00970"	"Lars2;Fars2"	0.097272709538458	0.81693300896673	2	2	949
"W99"	"path:mmu04514"	"Cd34;Cdh4;Sdc2;Ncam2;Neo1;Ptprd;Ptprm;Glg1;Nrcam;Negr1"	0.0996393207001995	0.81693300896673	10	10	3683
"W67"	"path:mmu04130"	"Vti1a;Stx8"	0.103534561173725	0.81693300896673	2	2	942
"W15"	"path:mmu00532"	"Dse;Xylt1;Ust;Chsy3"	0.120663724918087	0.81693300896673	4	4	1639
"W51"	"path:mmu04020"	"Phkb;Camk2d;Adcy9;Cacna1c;Camk2a;Egfr;Fgfr1;Fgfr2;Gnaq;Gnas;P2rx4;Pdgfrb;Prkca;Prkcb;Plcb1;Plcb4;Ppp3ca;Ppp3cb;Slc8a1;Stim1;Adcy2;Mcu;Asph;Atp2b1;Pdgfd;Plce1;Trdn"	0.12400974186378	0.81693300896673	27	27	8963.5
"W208"	"path:mmu05165"	"Atp6v0b;Apc;Atp6v0a1;Cdc42;Col6a3;Col1a1;Col1a2;Crebbp;Dlg1;Egfr;Ptk2;Fn1;Gnas;Magi1;Jak1;Lama2;Lama4;Nfkb1;Pdgfrb;Pik3ca;Pik3r1;Pten;Rbpj;Sos2;Tcf7l1;Tcf7l2;Traf3;Ube3a;Lamc1;Creb5;Ppp2r3a;Akt3;Mapk1;Creb3l1;Ppp2r5c;Ppp2r5e;Maml2;Maml3;Foxo1;Gsk3b;Tnxb;Csnk1a1;Pard3"	0.125438042457915	0.81693300896673	43	43	10445.5
"W243"	"path:mmu05322"	"C7;Actn4"	0.128547052451533	0.81693300896673	2	2	213
"W56"	"path:mmu04064"	"Erc1;Birc3;Xiap;Cflar;Eda;Il1r1;Nfkb1;Prkcb;Traf3"	0.129940435386272	0.81693300896673	9	9	3290.5
"W245"	"path:mmu05410"	"Prkag2;Cacna1c;Cacna2d1;Dag1;Dmd;Lama2;Slc8a1;Tgfb2;Ttn;Sgcd"	0.1319575201511	0.81693300896673	10	10	3610
"W1"	"path:mmu00190"	"Atp6v0b;Atp6v0a1"	0.132952336340436	0.81693300896673	2	2	217
"W37"	"path:mmu02010"	"Abca1;Abcc4;Abcc5"	0.134298599838776	0.81693300896673	3	3	422.5
"W18"	"path:mmu00561"	"Plpp1;Mgll;Plpp3"	0.137072447468289	0.81693300896673	3	3	425.5
"W59"	"path:mmu04070"	"Pik3ca;Pik3r1;Pip4k2a;Prkca;Prkcb;Plcb1;Plcb4;Pten;Inpp5a;Ip6k1;Plce1;Mtmr3"	0.145175071400121	0.81693300896673	12	12	4223
"W186"	"path:mmu05030"	"Gnas;Nfkb1;Creb5;Creb3l1"	0.145855814966611	0.81693300896673	4	4	653
"W83"	"path:mmu04218"	"Fbxw11;Btrc;Smad3;Nfkb1;Pik3ca;Pik3r1;Ppp3ca;Ppp3cb;Pten;Mcu;Tgfb2;Tgfbr1;Tgfbr2;Akt3;Mapk1;Mapk14;Foxo1;Foxo3;Trpm7"	0.148006594919308	0.81693300896673	19	19	4320.5
"W85"	"path:mmu04261"	"Camk2d;Adcy9;Cacna1c;Cacna2d1;Camk2a;Gnaq;Gnas;Prkca;Plcb1;Plcb4;Slc8a1;Slc9a1;Adcy2;Creb5;Ppp2r3a;Akt3;Mapk1;Mapk14;Creb3l1;Ppp2r5c;Ppp2r5e;Atp2b1;Atp1a2"	0.1482980407643	0.81693300896673	23	23	7652.5
"W60"	"path:mmu04071"	"Fyn;Gab2;Gnaq;Nfkb1;Pdpk1;Pik3ca;Pik3r1;Prkca;Prkcb;Prkce;Plcb1;Plcb4;Pld1;Pten;Rock1;Rock2;Sgms1;Ppp2r3a;Akt3;Mapk1;Mapk14;Ppp2r5c;Ppp2r5e;Cers5"	0.155234970783521	0.81693300896673	24	24	7941
"W58"	"path:mmu04068"	"Prkag2;Braf;Crebbp;Egfr;Igf1r;Insr;Irs1;Smad3;Pdpk1;Pik3ca;Pik3r1;Pten;Sos2;Stat3;Tgfb2;Tgfbr1;Tgfbr2;Akt3;Mapk1;Mapk14;Foxo1;Foxo3"	0.156996074567775	0.81693300896673	22	22	5110
"W62"	"path:mmu04080"	"Ghr;Lpar1;Gria4;Nr3c1;P2rx4;Thra;Thrb;Gria3;Pard3"	0.15764296831689	0.81693300896673	9	9	1844.5
"W8"	"path:mmu00480"	"Nat8f7;Nat8f3"	0.158021060602528	0.81693300896673	2	2	238
"W160"	"path:mmu04931"	"Acacb;Prkag2;Ogt;Rps6ka3;Gfpt1;Insr;Irs1;Nfkb1;Pdpk1;Pik3ca;Pik3r1;Prkcb;Prkce;Pten;Stat3;Tbc1d4;Creb5;Akt3;Creb3l1;Foxo1;Gsk3b;Oga"	0.159641702118002	0.81693300896673	22	22	5117
"W30"	"path:mmu01200"	"Pcca;Glud1"	0.161876918656121	0.81693300896673	2	2	889
"W168"	"path:mmu04962"	"Adcy9;Dync1h1;Gnas;Creb5;Creb3l1"	0.162982124492622	0.81693300896673	5	5	900.5
"W23"	"path:mmu00601"	"B4galt1;St3gal3;St3gal4"	0.165132246819053	0.81693300896673	3	3	1241.5
"W158"	"path:mmu04929"	"Cacna1c;Gnaq;Pik3ca;Pik3r1;Prkca;Prkcb;Plcb1;Plcb4;Akt3;Mapk1"	0.168273912132255	0.81693300896673	10	10	3543
"W110"	"path:mmu04630"	"Crebbp;Egfr;Ghr;Il6st;Jak1;Pias2;Pdgfrb;Pik3ca;Pik3r1;Sos2;Stat3;Stat5b;Akt3;Pias1"	0.175067522315698	0.81693300896673	14	14	3116
"W185"	"path:mmu05022"	"Camk2d;Braf;Apaf1;Apc;App;Cacna1c;Camk2a;Rb1cc1;Eif2ak3;Gnaq;Gria4;Htt;Kif5b;Klc1;Lrp6;Nfkb1;Prkca;Prkcb;Plcb1;Plcb4;Ppp3ca;Ppp3cb;Atxn1;Atxn2;Mcu;Atf6;Ambra1;Fus;Mapk1;Mapk14;Ulk2;Nox4;Prkn;Gria3;Gsk3b;Csnk1a1"	0.176759899559805	0.81693300896673	36	36	11535
"W49"	"path:mmu04014"	"Rap1a;Abl1;Abl2;Cdc42;Efna5;Egfr;Fgfr1;Fgfr2;Gab1;Gab2;Gnb1;Gng12;Igf1r;Insr;Ksr1;Afdn;Nf1;Nfkb1;Pdgfrb;Pik3ca;Pik3r1;Prkca;Prkcb;Pld1;Rasa3;Rgl1;Sos2;Rasal2;Akt3;Mapk1;Ralgapa1;Pdgfd;Plce1"	0.179314407899682	0.81693300896673	33	33	10618.5
"W155"	"path:mmu04926"	"Adcy9;Col3a1;Col1a1;Col1a2;Egfr;Gnas;Gnb1;Gng12;Nfkb1;Pik3ca;Pik3r1;Prkca;Plcb1;Plcb4;Sos2;Adcy2;Tgfbr1;Tgfbr2;Creb5;Akt3;Mapk1;Mapk14;Creb3l1"	0.180118110119624	0.81693300896673	23	23	5426.5
"W220"	"path:mmu05207"	"Rps6ka3;Adcy9;Xiap;Ar;Arnt;Cacna1c;Egfr;Esr1;Gnas;Hsp90ab1;Kpna4;Nfkb1;Pik3ca;Pik3r1;Prkca;Prkcb;Sos2;Stat3;Stat5b;Adcy2;Creb5;Akt3;Mapk1;Creb3l1"	0.192750960779117	0.81693300896673	24	24	5716
"W132"	"path:mmu04727"	"Adcy9;Cacna1c;Gls;Gnb1;Gng12;Prkca;Prkcb;Adcy2;Plcl1;Gphn"	0.193271550206987	0.81693300896673	10	10	3503
"W241"	"path:mmu05235"	"Egfr;Jak1;Nfkb1;Pik3ca;Pik3r1;Ppp3ca;Ppp3cb;Pten;Stat3;Akt3;Map3k3;Mapk1;Mapk14"	0.199659854850963	0.81693300896673	13	13	2908.5
"W79"	"path:mmu04211"	"Prkag2;Adcy9;Rb1cc1;Igf1r;Insr;Irs1;Nfkb1;Pik3ca;Pik3r1;Adcy2;Creb5;Akt3;Creb3l1;Foxo1;Foxo3;Rptor;Ehmt1"	0.205681060678898	0.81693300896673	17	17	3937.5
"W54"	"path:mmu04060"	"Il1rl2;Acvr1;Bmpr1a;Bmpr2;Eda;Ghr;Il1r1;Il1rap;Il6st;Tgfb2;Tgfbr1;Tgfbr2;Il31ra"	0.210466034757973	0.81693300896673	13	13	2926.5
"W88"	"path:mmu04330"	"Crebbp;Numb;Kat2b;Rbpj;Atxn1;Ncor2;Maml2;Maml3"	0.211869901005223	0.81693300896673	8	8	2841
"W194"	"path:mmu05134"	"Apaf1;Clk1;Clk4;Nfkb1"	0.214724225702098	0.81693300896673	4	4	723
"W210"	"path:mmu05167"	"Crebbp;Gnb1;Gng12;Il6st;Jak1;Nfkb1;Pik3ca;Pik3r1;Ppp3ca;Ppp3cb;Stat3;Tcf7l1;Tcf7l2;Traf3;Akt3;Mapk1;Mapk14;Gsk3b"	0.22343296960069	0.81693300896673	18	18	4228
"W248"	"path:mmu05415"	"Camk2d;Camk2a;Col3a1;Col1a1;Col1a2;Gfpt1;Insr;Irs1;Smad3;Nfkb1;Pik3ca;Pik3r1;Prkca;Prkcb;Plcb1;Plcb4;Pten;Tbc1d4;Tgfb2;Tgfbr1;Tgfbr2;Akt3;Mapk14;Gsk3b"	0.225099275518461	0.81693300896673	24	24	5789
"W104"	"path:mmu04611"	"Rap1a;Adcy9;Col3a1;Col1a1;Col1a2;Fyn;Gnaq;Gnas;Ppp1r12a;Pik3ca;Pik3r1;Plcb1;Plcb4;Prkg1;Rock1;Rock2;Stim1;Adcy2;Akt3;Mapk1;Mapk14;Apbb1ip;Arhgef12"	0.232519532858215	0.81693300896673	23	23	5543.5
"W201"	"path:mmu05146"	"Col3a1;Col1a1;Col1a2;Ptk2;Fn1;Gnaq;Gnas;Il1r1;Lama2;Lama4;Nfkb1;Pik3ca;Pik3r1;Prkca;Prkcb;Plcb1;Plcb4;Tgfb2;Lamc1;Actn4"	0.235894755120775	0.81693300896673	20	20	4769
"W135"	"path:mmu04740"	"Camk2d;Camk2a;Gnb1;Prkg1;Slc8a1"	0.243613417897023	0.81693300896673	5	5	1840.5
"W105"	"path:mmu04613"	"Nfkb1;Pik3ca;Pik3r1;Prkca;Prkcb;Plcb1;Plcb4;Hdac4;Akt3;Mapk1;Mapk14;Hdac7;Hdac8"	0.245407645281873	0.81693300896673	13	13	4364.5
"W230"	"path:mmu05218"	"Braf;Egfr;Fgfr1;Igf1r;Mitf;Pdgfrb;Pik3ca;Pik3r1;Pten;Akt3;Mapk1;Pdgfd"	0.247045517253518	0.81693300896673	12	12	2728
"W178"	"path:mmu04979"	"Abca1;Lrp1"	0.247416395682724	0.81693300896673	2	2	297
"W227"	"path:mmu05215"	"Braf;Ar;Crebbp;Egfr;Fgfr1;Fgfr2;Hsp90ab1;Igf1r;Nfkb1;Pdgfrb;Pdpk1;Pik3ca;Pik3r1;Pten;Sos2;Tcf7l1;Tcf7l2;Zeb1;Creb5;Akt3;Mapk1;Creb3l1;Foxo1;Gsk3b;Pdgfd"	0.250474270502063	0.81693300896673	25	25	6103.5
"W236"	"path:mmu05224"	"Braf;Apc;Egfr;Esr1;Fgfr1;Igf1r;Lrp6;Ncoa1;Ncoa3;Pik3ca;Pik3r1;Pten;Sos2;Tcf7l1;Tcf7l2;Akt3;Mapk1;Gsk3b;Csnk1a1"	0.250958155002832	0.81693300896673	19	19	4536.5
"W26"	"path:mmu00640"	"Acacb;Acaca;Pcca;Bckdhb;Acss3"	0.251418777033904	0.81693300896673	5	5	1833.5
"W134"	"path:mmu04730"	"Braf;Gnaq;Gnas;Igf1r;Prkca;Prkcb;Plcb1;Plcb4;Prkg1;Mapk1;Gria3"	0.255578897574666	0.81693300896673	11	11	3729.5
"W202"	"path:mmu05152"	"Camk2d;Atp6v0b;Apaf1;Atp6v0a1;Camk2a;Crebbp;Jak1;Ksr1;Lamp2;Mrc2;Nfkb1;Pla2r1;Ppp3ca;Ppp3cb;Eea1;Tgfb2;Akt3;Mapk1;Mapk14;Arhgef12"	0.257860175388535	0.81693300896673	20	20	4809
"W76"	"path:mmu04151"	"Pkn2;Col6a3;Col1a1;Col1a2;Efna5;Egfr;Ptk2;Fgfr1;Fgfr2;Fn1;Ghr;Gnb1;Gng12;Lpar1;Magi1;Hsp90ab1;Igf1r;Insr;Irs1;Jak1;Lama2;Lama4;Nfkb1;Pdgfrb;Pdpk1;Pik3ca;Pik3r1;Prkca;Pten;Sos2;Ywhae;Lamc1;Creb5;Ppp2r3a;Akt3;Mapk1;Creb3l1;Ppp2r5c;Ppp2r5e;Magi2;Foxo3;Gsk3b;Pdgfd;Rptor;Tnxb;Phlpp1"	0.257915714261357	0.81693300896673	46	46	11692
"W13"	"path:mmu00515"	"B4galt1;Large1;St3gal3"	0.258257785495585	0.81693300896673	3	3	1168.5
"W211"	"path:mmu05168"	"Apaf1;Birc3;Eif2ak3;Jak1;Nfkb1;Pik3ca;Pik3r1;Srsf2;Srsf5;Sp100;Traf3;Akt3;Srsf6"	0.26074975735511	0.81693300896673	13	13	3002.5
"W192"	"path:mmu05132"	"Ahnak2;Abi1;Birc3;Anxa2;Cdc42;Dync1h1;Dnm2;Elmo1;Hsp90ab1;Kif5b;Klc1;Kpna4;Acbd3;Myo6;Nfkb1;Pik3ca;Flna;Rock2;Exoc4;Cyfip1;Tcf7l1;Tcf7l2;Akt3;Mapk1;Mapk14;Nckap1;Ahnak;Snx9;Actr3;Rhoj"	0.262308176807652	0.81693300896673	30	30	7446
"W170"	"path:mmu04970"	"Adcy9;Gnaq;Gnas;Prkca;Prkcb;Plcb1;Plcb4;Prkg1;Slc9a1;Adcy2;Atp2b1;Atp1a2"	0.26386273140608	0.81693300896673	12	12	4029
"W109"	"path:mmu04625"	"Ksr1;Nfkb1;Pik3ca;Pik3r1;Ppp3ca;Ppp3cb;Cblb;Akt3;Mapk1;Mapk14;Arhgef12"	0.271991543429861	0.81693300896673	11	11	2506.5
"W184"	"path:mmu05020"	"C7;Apaf1;Cacna1c;Eif2ak3;Fyn;Kif5b;Klc1;Ncam2;Pik3ca;Pik3r1;Ppp3ca;Ppp3cb;Mcu;Lamc1;Creb5;Mapk1;Mapk14;Creb3l1;Gsk3b"	0.27269429088147	0.81693300896673	19	19	4573.5
"W35"	"path:mmu01523"	"Nfkb1;Abcc4;Abcc5"	0.273409332293992	0.81693300896673	3	3	536.5
"W223"	"path:mmu05211"	"Braf;Rap1a;Arnt;Cdc42;Crebbp;Gab1;Pik3ca;Pik3r1;Sos2;Tgfb2;Akt3;Mapk1"	0.273709802100791	0.81693300896673	12	12	2764
"W57"	"path:mmu04066"	"Camk2d;Arnt;Camk2a;Crebbp;Egfr;Igf1r;Insr;Nfkb1;Pik3ca;Pik3r1;Prkca;Prkcb;Stat3;Akt3;Mapk1"	0.274835439752717	0.81693300896673	15	15	3537.5
"W45"	"path:mmu03320"	"Pdpk1;Sorbs1"	0.276831414842568	0.81693300896673	2	2	817
"W218"	"path:mmu05205"	"Camk2d;Ank2;Braf;Ank3;Camk2a;Cdc42;Col1a1;Col1a2;Dcn;Ddx5;Egfr;Esr1;Ptk2;Fgfr1;Fn1;Gab1;Sdc2;Igf1r;Ppp1r12a;Pdcd4;Pdpk1;Pik3ca;Pik3r1;Prkca;Prkcb;Flna;Rock1;Rock2;Slc9a1;Sos2;Stat3;Tgfb2;Akt3;Mapk1;Mapk14;Iqgap1;Frs2;Ppp1r12b;Vav3;Arhgef12;Plce1"	0.27955750915732	0.81693300896673	41	41	10411.5
"W141"	"path:mmu04912"	"Camk2d;Adcy9;Cacna1c;Camk2a;Cdc42;Egfr;Gnaq;Gnas;Mmp14;Prkca;Prkcb;Plcb1;Plcb4;Pld1;Sos2;Adcy2;Map3k3;Mapk1;Mapk14"	0.282481425273858	0.81693300896673	19	19	6145.5
"W114"	"path:mmu04658"	"Jak1;Maf;Nfkb1;Ppp3ca;Ppp3cb;Rbpj;Stat5b;Mapk1;Mapk14;Maml2;Maml3"	0.286622316799266	0.81693300896673	11	11	2524.5
"W122"	"path:mmu04710"	"Fbxw11;Prkag2;Arntl;Btrc;Clock;Npas2;Rora;Cul1"	0.295431292035201	0.81693300896673	8	8	2747
"W11"	"path:mmu00513"	"B4galt1;Man1a;Man2a1;St3gal3;Man1c1;Fut8"	0.295530878355344	0.81693300896673	6	6	2116
"W199"	"path:mmu05144"	"Sdc2;Lrp1;Tgfb2"	0.295624780109859	0.81693300896673	3	3	550.5
"W22"	"path:mmu00600"	"Plpp1;Sgms1;Plpp3;Cers5"	0.295863620673935	0.81693300896673	4	4	787
"W80"	"path:mmu04213"	"Prkag2;Adcy9;Igf1r;Insr;Irs1;Pik3ca;Pik3r1;Adcy2;Akt3;Foxo1;Foxo3;Rptor"	0.29657226628815	0.81693300896673	12	12	2793
"W71"	"path:mmu04141"	"Dnajc1;Eif2ak3;Sec63;Hsp90ab1;Man1a;Sec23a;Atf6;Man1c1;Cul1;Prkn;Ube4b;Ube2d3;Sec31a;Sec24d;Sec24a;Rrbp1;Sec24b"	0.297617518592179	0.81693300896673	17	17	4090.5
"W139"	"path:mmu04910"	"Acacb;Phkb;Acaca;Prkag2;Braf;Insr;Irs1;Pdpk1;Pik3ca;Pik3r1;Sorbs1;Sos2;Cblb;Inpp5a;Akt3;Mapk1;Foxo1;Gsk3b;Rptor"	0.298245384225949	0.81693300896673	19	19	6120.5
"W217"	"path:mmu05203"	"Cdc42;Crebbp;Dlg1;Il6st;Jak1;Nfkb1;Kat2b;Pik3ca;Pik3r1;Rbpj;Sp100;Stat3;Stat5b;Hdac4;Traf3;Ube3a;Ywhae;Gsn;Creb5;Mapk1;Creb3l1;Hdac7;Snd1;Actn4;Hdac8"	0.307297072642697	0.832675938773759	25	25	6210.5
"W127"	"path:mmu04722"	"Camk2d;Braf;Rap1a;Rps6ka3;Abl1;Camk2a;Cdc42;Gab1;Irs1;Nfkb1;Pdpk1;Pik3ca;Pik3r1;Sos2;Ywhae;Akt3;Map3k3;Mapk1;Mapk14;Frs2;Foxo3;Gsk3b;Kidins220;Maged1"	0.311429678742922	0.834896585566132	24	24	5953
"W129"	"path:mmu04724"	"Adcy9;Cacna1c;Gls;Gnaq;Gnas;Gnb1;Gng12;Gria4;Prkca;Prkcb;Plcb1;Plcb4;Pld1;Ppp3ca;Ppp3cb;Adcy2;Mapk1;Gria3"	0.321468975227414	0.85203547306593	18	18	5783
"W181"	"path:mmu05014"	"Apaf1;Rb1cc1;Eif2ak3;Kif5b;Klc1;Ppp3ca;Ppp3cb;Ranbp2;Atxn2;Mcu;Atf6;Ambra1;Fus;Mapk14;Ulk2;Prkn;Hnrnpa2b1"	0.327773233515124	0.85203547306593	17	17	4133.5
"W161"	"path:mmu04932"	"Prkag2;Cdc42;Eif2ak3;Insr;Irs1;Itch;Nfkb1;Pik3ca;Pik3r1;Akt3;Mapk14;Gsk3b"	0.331017438711518	0.85203547306593	12	12	2834
"W3"	"path:mmu00230"	"Adcy9;Adk;Fhit;Gda;Adcy2;Xdh;Pde4d;Pde3a;Nt5c2"	0.331347128414528	0.85203547306593	9	9	3022.5
"W162"	"path:mmu04933"	"Cdc42;Col3a1;Col1a1;Col1a2;Diaph1;Fn1;Smad3;Nfkb1;Pik3ca;Pik3r1;Prkca;Prkcb;Prkce;Plcb1;Plcb4;Stat3;Stat5b;Tgfb2;Tgfbr1;Tgfbr2;Akt3;Mapk1;Mapk14;Nox4;Foxo1;Plce1"	0.337495762205937	0.858215333091613	26	26	6528
"W102"	"path:mmu04540"	"Adcy9;Egfr;Gnaq;Gnas;Lpar1;Pdgfrb;Prkca;Prkcb;Plcb1;Plcb4;Prkg1;Sos2;Adcy2;Mapk1;Pdgfd"	0.340561640115719	0.858215333091613	15	15	4848.5
"W154"	"path:mmu04925"	"Camk2d;Adcy9;Cacna1c;Camk2a;Gnaq;Gnas;Prkca;Prkcb;Prkce;Prkd1;Plcb1;Plcb4;Adcy2;Creb5;Creb3l1;Atp2b1;Atp1a2"	0.349192765995375	0.863106615274713	17	17	5442.5
"W249"	"path:mmu05416"	"Abl1;Abl2;Dag1;Dmd;Fyn;Lama2;Eif4g1;Eif4g3;Sgcd"	0.355065247901529	0.863106615274713	9	9	2999.5
"W152"	"path:mmu04923"	"Adcy9;Gnas;Insr;Irs1;Pik3ca;Pik3r1;Prkg1;Adcy2;Akt3;Mgll"	0.356176748000564	0.863106615274713	10	10	2344
"W209"	"path:mmu05166"	"Adcy9;Xiap;Crebbp;Dlg1;Il1r1;Jak1;Smad3;Nfkb1;Nrp1;Kat2b;Pik3ca;Pik3r1;Ppp3ca;Ppp3cb;Pten;Stat5b;Adcy2;Tgfb2;Tgfbr1;Tgfbr2;Creb5;Akt3;Map3k3;Mapk1;Creb3l1;Anapc5;Crtc3"	0.35654213527824	0.863106615274713	27	27	6826.5
"W183"	"path:mmu05017"	"Rb1cc1;Gnaq;Pik3ca;Pik3r1;Prkca;Prkcb;Plcb1;Plcb4;Rbpj;Rora;Atxn1;Atxn2;Mcu;Ambra1;Akt3;Ulk2;Gria3;Atxn10;Pum1;Pum2"	0.359627756364464	0.863106615274713	20	20	6331
"W224"	"path:mmu05212"	"Braf;Cdc42;Egfr;Jak1;Smad3;Nfkb1;Pik3ca;Pik3r1;Pld1;Stat3;Tgfb2;Tgfbr1;Tgfbr2;Akt3;Mapk1"	0.363167988745111	0.863380501544982	15	15	3654.5
"W182"	"path:mmu05016"	"Ap2a2;Apaf1;Rb1cc1;Crebbp;Gnaq;Gria4;Htt;Kif5b;Klc1;Nrf1;Plcb1;Plcb4;Rcor1;Ambra1;Creb5;Creb3l1;Ulk2;Gria3;Cltc"	0.371495023133825	0.868530015539172	19	19	6014.5
"W97"	"path:mmu04510"	"Braf;Rap1a;Birc3;Xiap;Cdc42;Col6a3;Col1a1;Col1a2;Diaph1;Egfr;Ptk2;Fn1;Fyn;Igf1r;Lama2;Lama4;Ppp1r12a;Pdgfrb;Pdpk1;Pik3ca;Pik3r1;Prkca;Prkcb;Pten;Flna;Rock1;Rock2;Sos2;Lamc1;Akt3;Mapk1;Ppp1r12b;Dock1;Gsk3b;Vav3;Parva;Actn4;Pdgfd;Tnxb"	0.372227149516788	0.868530015539172	39	39	10076.5
"W221"	"path:mmu05208"	"Braf;Abl1;Abl2;Arnt;Egfr;Ptk2;Nfkb1;Pdpk1;Pik3ca;Pik3r1;Prkd1;Pld1;Pten;Ptprj;Sos2;Akt3;Mapk1;Mapk14;Nox4;Foxo3"	0.377549639957609	0.872867057516673	20	20	6306
"W77"	"path:mmu04152"	"Acacb;Acaca;Prkag2;Igf1r;Insr;Irs1;Pdpk1;Pik3ca;Pik3r1;Rab10;Creb5;Ppp2r3a;Akt3;Creb3l1;Ppp2r5c;Ppp2r5e;Foxo1;Foxo3;Rab2a;Rptor"	0.39004535399171	0.893558447326464	20	20	5011
"W43"	"path:mmu03060"	"Sec63;Immp2l"	0.395519986748115	0.897937267211937	2	2	762
"W14"	"path:mmu00520"	"Cmah;Gfpt1;Gmds"	0.404156798530467	0.901305426811308	3	3	1084.5
"W32"	"path:mmu01250"	"Cmah;Gfpt1;Gmds"	0.404156798530467	0.901305426811308	3	3	1084.5
"W107"	"path:mmu04621"	"Pkn2;Birc3;Xiap;Hsp90ab1;Jak1;Nfkb1;Plcb1;Plcb4;Mcu;Traf3;Ywhae;Mapk1;Mapk14;Trpm7;Erbin;Nek7;Antxr1;Antxr2"	0.410909501006579	0.908326265382963	18	18	5664
"W247"	"path:mmu05414"	"Adcy9;Cacna1c;Cacna2d1;Dag1;Dmd;Gnas;Lama2;Slc8a1;Adcy2;Tgfb2;Ttn;Sgcd"	0.428461327705074	0.918917058465496	12	12	3843
"W146"	"path:mmu04917"	"Esr1;Nfkb1;Pik3ca;Pik3r1;Sos2;Stat3;Stat5b;Akt3;Mapk1;Mapk14;Foxo3;Gsk3b"	0.433581357057279	0.918917058465496	12	12	2942
"W50"	"path:mmu04015"	"Braf;Rap1a;Adcy9;Ctnnd1;Cdc42;Efna5;Egfr;Fgfr1;Fgfr2;Gnaq;Gnas;Lpar1;Magi1;Igf1r;Insr;Afdn;Pdgfrb;Pik3ca;Pik3r1;Prkca;Prkcb;Prkd1;Plcb1;Plcb4;Rapgef6;Adcy2;Akt3;Dock4;Mapk1;Mapk14;Magi2;Apbb1ip;Vav3;Pdgfd;Plce1;Rapgef2;Pard3;Magi3"	0.435586671305827	0.918917058465496	38	38	11546
"W34"	"path:mmu01522"	"Braf;Adcy9;Egfr;Esr1;Ptk2;Gnas;Igf1r;Ncoa3;Pik3ca;Pik3r1;Ncor1;Sos2;Adcy2;Akt3;Mapk1;Mapk14"	0.443411489248001	0.918917058465496	16	16	4012
"W46"	"path:mmu03440"	"Babam2;Rad51b;Uimc1"	0.447167402811241	0.918917058465496	3	3	1063.5
"W205"	"path:mmu05162"	"Apaf1;Eif2ak3;Jak1;Nfkb1;Pik3ca;Pik3r1;Stat3;Stat5b;Cblb;Traf3;Akt3;Gsk3b"	0.448104204381493	0.918917058465496	12	12	2956
"W237"	"path:mmu05225"	"Braf;Apc;Egfr;Gab1;Igf1r;Lrp6;Smad3;Pik3ca;Pik3r1;Prkca;Prkcb;Pten;Sos2;Tcf7l1;Tcf7l2;Tgfb2;Tgfbr1;Tgfbr2;Akt3;Arid1b;Mapk1;Gsk3b;Pbrm1;Smarca2;Arid2;Csnk1a1;Arid1a"	0.450266626730607	0.918917058465496	27	27	6971.5
"W137"	"path:mmu04750"	"Camk2d;Adcy9;Camk2a;Gnaq;Gnas;Il1r1;Il1rap;Pik3ca;Pik3r1;Prkca;Prkcb;Prkce;Plcb1;Plcb4;Adcy2;Mapk14"	0.450631141316504	0.918917058465496	16	16	5020
"W142"	"path:mmu04913"	"Adcy9;Gnas;Igf1r;Insr;Adcy2"	0.450758345545046	0.918917058465496	5	5	1135.5
"W215"	"path:mmu05200"	"Camk2d;Braf;Abl1;Adcy9;Apaf1;Apc;Birc3;Xiap;Ar;Arnt;Camk2a;Ctnna1;Runx1t1;Cdc42;Crebbp;Egfr;Esr1;Ptk2;Fgfr1;Fgfr2;Fn1;Gli3;Gnaq;Gnas;Gnb1;Gng12;Lpar1;Hsp90ab1;Igf1r;Il6st;Jak1;Lama2;Lama4;Lrp6;Smad3;Mitf;Ncoa1;Ncoa3;Nfkb1;Pdgfrb;Pik3ca;Pik3r1;Prkca;Prkcb;Plcb1;Plcb4;Pld1;Pten;Rock1;Rock2;Sos2;Stat3;Stat5b;Adcy2;Arhgef11;Tcf7l1;Tcf7l2;Ctnna3;Tgfb2;Tgfbr1;Tgfbr2;Traf3;Lamc1;Zbtb16;Akt3;Mapk1;Cul1;Foxo1;Gsk3b;Arhgef12;Dapk1"	0.458199263010579	0.918917058465496	71	71	18974.5
"W115"	"path:mmu04659"	"Hsp90ab1;Il1r1;Il1rap;Il6st;Jak1;Smad3;Nfkb1;Ppp3ca;Ppp3cb;Rora;Stat3;Stat5b;Tgfbr1;Tgfbr2;Mapk1;Mapk14"	0.4680418711739	0.918917058465496	16	16	4039
"W40"	"path:mmu03018"	"Cnot1;Xrn1;Zcchc7;Cnot4;Cnot2;Pan3"	0.468356418735228	0.918917058465496	6	6	1403
"W140"	"path:mmu04911"	"Camk2d;Adcy9;Cacna1c;Camk2a;Gnaq;Gnas;Prkca;Prkcb;Plcb1;Plcb4;Adcy2;Creb5;Creb3l1;Atp1a2"	0.469226453694826	0.918917058465496	14	14	4403
"W222"	"path:mmu05210"	"Braf;Apc;Egfr;Smad3;Pik3ca;Pik3r1;Sos2;Tcf7l1;Tcf7l2;Tgfb2;Tgfbr1;Tgfbr2;Akt3;Mapk1;Gsk3b"	0.469327728839604	0.918917058465496	15	15	3773.5
"W171"	"path:mmu04971"	"Camk2d;Adcy9;Camk2a;Gnaq;Gnas;Prkca;Prkcb;Plcb1;Plcb4;Slc9a1;Adcy2;Atp1a2"	0.470398018024004	0.918917058465496	12	12	3803
"W130"	"path:mmu04725"	"Camk2d;Adcy9;Cacna1c;Camk2a;Fyn;Gnaq;Gnb1;Gng12;Pik3ca;Pik3r1;Prkca;Prkcb;Plcb1;Plcb4;Adcy2;Creb5;Akt3;Mapk1;Creb3l1"	0.476954808174973	0.921808300194005	19	19	5882.5
"W173"	"path:mmu04973"	"Pik3ca;Pik3r1;Prkcb;Plcb1;Plcb4;Akt3;Atp1a2"	0.482059778101266	0.921808300194005	7	7	2283.5
"W101"	"path:mmu04530"	"Prkag2;Rap1a;Cdc42;Dlg1;Magi1;Afdn;Mpdz;Nedd4;Prkce;Rapgef6;Rock1;Rock2;Actn4;Actr3;Amotl1;Rapgef2;Nedd4l;Pard3"	0.486562003616926	0.921808300194005	18	18	5575
"W55"	"path:mmu04062"	"Braf;Rap1a;Adcy9;Cdc42;Elmo1;Ptk2;Gnaq;Gnb1;Gng12;Nfkb1;Pik3ca;Pik3r1;Prkcb;Plcb1;Plcb4;Rock1;Rock2;Sos2;Stat3;Stat5b;Adcy2;Akt3;Mapk1;Foxo3;Gsk3b;Vav3;Pard3"	0.489173189299024	0.921808300194005	27	27	8228.5
"W10"	"path:mmu00512"	"St3gal1;Galnt17"	0.493128964070479	0.921808300194005	2	2	724
"W16"	"path:mmu00533"	"B4galt1;St3gal3;St3gal1;Fut8"	0.495147436056593	0.921808300194005	4	4	1354
"W197"	"path:mmu05142"	"Cflar;Gnaq;Gnas;Nfkb1;Pik3ca;Pik3r1;Plcb1;Plcb4;Tgfb2;Tgfbr1;Tgfbr2;Akt3;Mapk1;Mapk14"	0.497483844549145	0.921808300194005	14	14	3535
"W28"	"path:mmu00983"	"Xdh;Upp2;Dpyd"	0.515177064843366	0.924532763179075	3	3	1032.5
"W149"	"path:mmu04920"	"Acacb;Prkag2;Irs1;Nfkb1;Stat3;Akt3"	0.516960318621227	0.924532763179075	6	6	1434
"W195"	"path:mmu05135"	"Pkn2;Rps6ka3;Cdc42;Elmo1;Ptk2;Fn1;Gnaq;Nfkb1;Pik3ca;Pik3r1;Rock1;Rock2;Wipf1;Akt3;Wasf2;Mapk1;Mapk14;Dock1;Gsk3b;Vav3;Arhgef12;Actr3"	0.517994937589967	0.924532763179075	22	22	5710
"W239"	"path:mmu05230"	"Egfr;Fgfr1;Fgfr2;Gls;Pdgfrb;Pik3ca;Pik3r1;Pten;Slc1a5;Akt3;Mapk1"	0.520227384137703	0.924532763179075	11	11	2755.5
"W143"	"path:mmu04914"	"Braf;Rps6ka3;Adcy9;Cpeb1;Hsp90ab1;Igf1r;Pik3ca;Pik3r1;Cpeb3;Adcy2;Akt3;Mapk1;Mapk14;Anapc5"	0.522407292083452	0.924532763179075	14	14	3559
"W214"	"path:mmu05171"	"C7;Egfr;Il6st;Jak1;Nfkb1;Nrp1;Pik3ca;Pik3r1;Prkca;Prkcb;Stat3;Traf3;Mapk1;Mapk14"	0.522407292083452	0.924532763179075	14	14	3559
"W21"	"path:mmu00565"	"Pafah1b1;Pld1;Plpp1;Plpp3"	0.526530501329555	0.924532763179075	4	4	922
"W125"	"path:mmu04720"	"Camk2d;Braf;Rap1a;Rps6ka3;Cacna1c;Camk2a;Crebbp;Gnaq;Prkca;Prkcb;Plcb1;Plcb4;Ppp3ca;Ppp3cb;Mapk1"	0.534902181841017	0.924532763179075	15	15	4635.5
"W118"	"path:mmu04664"	"Fyn;Gab2;Pdpk1;Pik3ca;Pik3r1;Prkca;Sos2;Akt3;Mapk1;Mapk14;Vav3"	0.535775267066556	0.924532763179075	11	11	3446.5
"W212"	"path:mmu05169"	"Apaf1;Jak1;Nedd4;Nfkb1;Pik3ca;Pik3r1;Rbpj;Ncor2;Stat3;Traf3;Akt3;Mapk14"	0.538496593986129	0.924532763179075	12	12	3038
"W150"	"path:mmu04921"	"Camk2d;Prkag2;Adcy9;Cacna1c;Cacna2d1;Camk2a;Egfr;Gnaq;Gnas;Mef2c;Ppp1r12a;Prkca;Prkcb;Plcb1;Plcb4;Ppp3ca;Ppp3cb;Rock1;Rock2;Adcy2;Mapk1;Ppp1r12b"	0.543188240038145	0.924532763179075	22	22	6690
"W24"	"path:mmu00604"	"St3gal1;St6galnac5"	0.546384773126335	0.924532763179075	2	2	705
"W231"	"path:mmu05219"	"Braf;Egfr;Mapk1;Dapk1"	0.54664834013366	0.924532763179075	4	4	932
"W233"	"path:mmu05221"	"Braf;Runx1t1;Nfkb1;Pik3ca;Pik3r1;Sos2;Stat3;Stat5b;Tcf7l1;Tcf7l2;Zbtb16;Akt3;Mapk1"	0.558273720592643	0.926155955178888	13	13	3323.5
"W163"	"path:mmu04934"	"Camk2d;Braf;Rap1a;Adcy9;Apc;Arnt;Cacna1c;Camk2a;Egfr;Gnaq;Gnas;Pbx1;Plcb1;Plcb4;Adcy2;Tcf7l1;Tcf7l2;Kmt2a;Creb5;Mapk1;Creb3l1;Gsk3b"	0.562907780924167	0.926155955178888	22	22	5763
"W116"	"path:mmu04660"	"Cdc42;Dlg1;Fyn;Nfkb1;Pdpk1;Pik3ca;Pik3r1;Ppp3ca;Ppp3cb;Sos2;Cblb;Akt3;Mapk1;Mapk14;Gsk3b;Vav3"	0.572704173257492	0.926155955178888	16	16	4146
"W2"	"path:mmu00220"	"Gls;Glud1"	0.578468464636015	0.926155955178888	2	2	436
"W165"	"path:mmu04936"	"Acacb;Tra2a;Acaca;Prkag2;Nfkb1;Tcf7l1;Tcf7l2;Traf3;Akt3;Mapk14;Nox4;Foxo1;Foxo3;Gsk3b"	0.578525458459735	0.926155955178888	14	14	3611
"W176"	"path:mmu04976"	"Adcy9;Gnas;Slc9a1;Adcy2;Abcc4;Slc4a4;Atp1a2"	0.579975543767153	0.926155955178888	7	7	1736.5
"W81"	"path:mmu04215"	"Apaf1;Birc3;Xiap;Birc6"	0.583793351941671	0.926155955178888	4	4	1310
"W167"	"path:mmu04961"	"Dnm3;Adcy9;Ap2a2;Dnm1;Dnm2;Esr1;Gnaq;Gnas;Prkca;Prkcb;Plcb1;Plcb4;Slc8a1;Cltc;Atp2b1;Atp1a2"	0.588218221875215	0.926155955178888	16	16	4879
"W75"	"path:mmu04150"	"Braf;Rps6ka3;Grb10;Igf1r;Insr;Irs1;Lrp6;Pdpk1;Pik3ca;Pik3r1;Prkca;Prkcb;Pten;Sos2;Fnip1;Mapkap1;Akt3;Mapk1;Ulk2;Fnip2;Clip1;Gsk3b;Rptor;Deptor"	0.588706427522106	0.926155955178888	24	24	7222
"W5"	"path:mmu00250"	"Gfpt1;Gls;Glud1"	0.590630730803187	0.926155955178888	3	3	694.5
"W31"	"path:mmu01232"	"Adk;Gda;Xdh;Upp2;Nt5c2"	0.59387814635115	0.926155955178888	5	5	1608.5
"W172"	"path:mmu04972"	"Rap1a;Adcy9;Gnaq;Gnas;Prkca;Prkcb;Plcb1;Plcb4;Slc9a1;Adcy2;Slc4a4;Atp2b1;Atp1a2"	0.594965523473298	0.926155955178888	13	13	3989.5
"W190"	"path:mmu05034"	"Braf;Gnas;Gnb1;Gng12;Sos2;Hdac4;Creb5;Mapk1;Creb3l1;Hdac7;Hdac8"	0.596403825590602	0.926155955178888	11	11	3397.5
"W7"	"path:mmu00310"	"Nsd1;Ash1l;Kmt2a;Kmt5b;Kmt2c;Nsd3;Setd2;Kmt2e;Smyd3;Camkmt;Ehmt1"	0.616856512046285	0.926155955178888	11	11	3381.5
"W242"	"path:mmu05321"	"Smad3;Maf;Nfkb1;Rora;Stat3;Tgfb2"	0.617935877620806	0.926155955178888	6	6	1494
"W20"	"path:mmu00564"	"Pld1;Plpp1;Plpp3"	0.620180931749386	0.926155955178888	3	3	706.5
"W9"	"path:mmu00510"	"B4galt1;Man1a;Man2a1;Man1c1;Fut8"	0.622498668046096	0.926155955178888	5	5	1593.5
"W92"	"path:mmu04370"	"Cdc42;Ptk2;Pik3ca;Pik3r1;Prkca;Prkcb;Ppp3ca;Ppp3cb;Akt3;Mapk1;Mapk14"	0.625900210903246	0.926155955178888	11	11	2840.5
"W91"	"path:mmu04360"	"Camk2d;Sema3d;Abl1;Srgap1;Boc;Bmpr2;Camk2a;Cdc42;Efna5;Ptk2;Srgap2;Fyn;Neo1;Nrp1;Ntn1;Pdpk1;Pik3ca;Pik3r1;Prkca;Ppp3ca;Ppp3cb;Robo1;Rock1;Rock2;Sema3a;Sema3b;Sema3c;Sema5a;Slit2;Slit3;Ablim1;Ssh2;Srgap3;Mapk1;Robo2;Gsk3b;Arhgef12;Pard3"	0.626093927969186	0.926155955178888	38	38	11242
"W126"	"path:mmu04721"	"Dnm3;Atp6v0b;Ap2a2;Atp6v0a1;Dnm1;Dnm2;Cltc"	0.636298020171634	0.926155955178888	7	7	1771.5
"W96"	"path:mmu04392"	"Rassf2;Tead1;Yap1;Frmd6;Stk3;Wwtr1"	0.637345476943392	0.926155955178888	6	6	1505
"W188"	"path:mmu05032"	"Adcy9;Gnas;Gnb1;Gng12;Prkca;Prkcb;Adcy2;Pde4d;Pde3a"	0.640526547594937	0.926155955178888	9	9	2773.5
"W48"	"path:mmu04012"	"Camk2d;Braf;Abl1;Abl2;Camk2a;Egfr;Ptk2;Gab1;Pik3ca;Pik3r1;Prkca;Prkcb;Sos2;Stat5b;Cblb;Akt3;Mapk1;Gsk3b"	0.6446176046837	0.926155955178888	18	18	5410
"W64"	"path:mmu04114"	"Fbxw11;Camk2d;Rps6ka3;Adcy9;Ar;Btrc;Camk2a;Cpeb1;Igf1r;Ppp3ca;Ppp3cb;Slk;Cpeb3;Adcy2;Ywhae;Mapk1;Mapk14;Ppp2r5c;Ppp2r5e;Cul1;Anapc5"	0.650182280188232	0.926155955178888	21	21	5586.5
"W187"	"path:mmu05031"	"Camk2d;Cacna1c;Camk2a;Gnas;Gria4;Prkca;Prkcb;Ppp3ca;Ppp3cb;Creb5;Creb3l1;Gria3"	0.658598887038232	0.926155955178888	12	12	3137
"W228"	"path:mmu05216"	"Braf;Tcf7l1;Tcf7l2;Mapk1"	0.661403248418121	0.926155955178888	4	4	1274
"W177"	"path:mmu04978"	"Slc8a1;Trpm7;Atp2b1;Atp1a2"	0.663617233809487	0.926155955178888	4	4	1273
"W39"	"path:mmu03015"	"Smg6;Papola;Smg1;Fus;Ppp2r3a;Rngtt;Ppp2r5c;Ppp2r5e;Srrm1;Ddx39b;Pabpn1;Acin1;Wdr33;Msi2"	0.666462293376416	0.926155955178888	14	14	3688
"W147"	"path:mmu04918"	"Adcy9;Gnaq;Gnas;Prkca;Prkcb;Plcb1;Plcb4;Adcy2;Creb5;Creb3l1;Atp1a2"	0.667946386040466	0.926155955178888	11	11	3342.5
"W47"	"path:mmu04010"	"Braf;Rap1a;Rps6ka3;Cacna1c;Cacna2d1;Cdc42;Efna5;Egfr;Fgfr1;Fgfr2;Gng12;Igf1r;Il1r1;Il1rap;Insr;Mef2c;Nf1;Nfkb1;Pdgfrb;Prkca;Prkcb;Ppp3ca;Ppp3cb;Flna;Sos2;Taok1;Tgfb2;Tgfbr1;Tgfbr2;Map4k3;Akt3;Map3k3;Mapk1;Mapk14;Map4k4;Taok3;Stk3;Map3k20;Pdgfd;Rapgef2"	0.669154945846457	0.926155955178888	40	40	11757
"W87"	"path:mmu04310"	"Fbxw11;Prickle1;Camk2d;Apc;Btrc;Camk2a;Crebbp;Lgr5;Lrp6;Smad3;Prkca;Prkcb;Plcb1;Plcb4;Ppp3ca;Ppp3cb;Rock2;Tbl1x;Tcf7l1;Tcf7l2;Prickle2;Ror1;Ror2;Cul1;Gsk3b;Tbl1xr1;Csnk1a1"	0.669581453569724	0.926155955178888	27	27	7998.5
"W89"	"path:mmu04340"	"Fbxw11;Boc;Btrc;Gli3;Spop;Csnk1g1;Cul3;Cul1;Gsk3b;Cdon;Smurf2;Disp1;Csnk1a1"	0.671458246091217	0.926155955178888	13	13	3925.5
"W166"	"path:mmu04960"	"Nr3c2;Insr;Irs1;Pdpk1;Pik3ca;Pik3r1;Prkca;Prkcb;Mapk1;Nedd4l;Atp1a2"	0.675952642976549	0.926155955178888	11	11	3336.5
"W90"	"path:mmu04350"	"Acvr1;Bmpr1a;Bmpr2;Crebbp;Dcn;Fbn1;Smad3;Neo1;Rock1;Tgfb2;Tgfbr1;Tgfbr2;Mapk1;Ltbp1;Cul1;Smurf2"	0.679570172178347	0.926155955178888	16	16	4794
"W144"	"path:mmu04915"	"Adcy9;Egfr;Esr1;Gnaq;Gnas;Hsp90ab1;Ncoa1;Ncoa2;Ncoa3;Pik3ca;Pik3r1;Plcb1;Plcb4;Sos2;Adcy2;Creb5;Akt3;Mapk1;Creb3l1"	0.679880972492308	0.926155955178888	19	19	5068.5
"W234"	"path:mmu05222"	"Apaf1;Birc3;Xiap;Ptk2;Fhit;Fn1;Lama2;Lama4;Nfkb1;Pik3ca;Pik3r1;Pten;Traf3;Lamc1;Akt3"	0.681959479782525	0.926155955178888	15	15	4500.5
"W238"	"path:mmu05226"	"Braf;Apc;Ctnna1;Egfr;Fgfr2;Gab1;Lrp6;Smad3;Pik3ca;Pik3r1;Sos2;Tcf7l1;Tcf7l2;Ctnna3;Tgfb2;Tgfbr1;Tgfbr2;Akt3;Mapk1;Gsk3b;Csnk1a1"	0.683591300251084	0.926155955178888	21	21	5621.5
"W12"	"path:mmu00514"	"Ogt;B4galt1;St3gal3;Galnt17;Gxylt2"	0.695505283750985	0.937258457247317	5	5	1556.5
"W"	"path:mmu00061"	"Acacb;Acaca"	0.701967007831385	0.94093449985909	2	2	654
"W207"	"path:mmu05164"	"Apaf1;Crebbp;Jak1;Nfkb1;Pik3ca;Pik3r1;Prkca;Prkcb;Traf3;Akt3;Mapk1;Pabpn1"	0.707398376275291	0.943197835033721	12	12	3175
"W95"	"path:mmu04390"	"Fbxw11;Apc;Birc3;Bmpr1a;Bmpr2;Btrc;Ctnna1;Dlg1;Smad3;Tcf7l1;Tcf7l2;Ctnna3;Tead1;Tgfb2;Tgfbr1;Tgfbr2;Yap1;Ywhae;Frmd6;Stk3;Gsk3b;Pard3;Wwtr1"	0.727303552271546	0.964634185118051	23	23	6776.5
"W121"	"path:mmu04670"	"Rap1a;Ctnna1;Ctnnd1;Cdc42;Ptk2;Afdn;Pik3ca;Pik3r1;Prkca;Prkcb;Rock1;Rock2;Ctnna3;Mapk14;Vav3;Actn4"	0.732299256569827	0.966174935369615	16	16	4293
"W65"	"path:mmu04115"	"Apaf1;Mdm4;Pten;Cop1"	0.747455170523192	0.973926093366935	4	4	1024
"W52"	"path:mmu04022"	"Adcy9;Cacna1c;Gnaq;Insr;Irs1;Mef2a;Mef2c;Ppp1r12a;Prkce;Plcb1;Plcb4;Ppp3ca;Ppp3cb;Prkg1;Rock1;Rock2;Slc8a1;Adcy2;Creb5;Akt3;Mapk1;Creb3l1;Pde3a;Atp2b1;Atp1a2"	0.749331124016091	0.973926093366935	25	25	7329.5
"W169"	"path:mmu04964"	"Gls;Glud1;Slc4a4;Atp1a2"	0.749768500449149	0.973926093366935	4	4	1025
"W193"	"path:mmu05133"	"Nfkb1;Mapk1;Mapk14"	0.754910365411039	0.975534031920592	3	3	936.5
"W204"	"path:mmu05161"	"Braf;Apaf1;Crebbp;Jak1;Smad3;Nfkb1;Pik3ca;Pik3r1;Prkca;Prkcb;Sos2;Stat3;Stat5b;Tgfb2;Tgfbr1;Tgfbr2;Traf3;Creb5;Akt3;Mapk1;Mapk14;Creb3l1"	0.769684474922804	0.975534031920592	22	22	5986
"W103"	"path:mmu04550"	"Acvr1;Apc;Zfhx3;Bmpr1a;Bmpr2;Fgfr1;Fgfr2;Igf1r;Il6st;Jak1;Jarid2;Smad3;Meis1;Pik3ca;Pik3r1;Stat3;Akt3;Kat6a;Mapk1;Mapk14;Gsk3b"	0.77124670437157	0.975534031920592	21	21	6154.5
"W226"	"path:mmu05214"	"Camk2d;Braf;Camk2a;Egfr;Igf1r;Pdgfrb;Pik3ca;Pik3r1;Prkca;Prkcb;Pten;Sos2;Akt3;Mapk1"	0.775297824300239	0.975534031920592	14	14	4132
"W119"	"path:mmu04666"	"Cdc42;Asap1;Dnm2;Gab2;Pik3ca;Pik3r1;Prkca;Prkcb;Prkce;Pld1;Plpp1;Gsn;Akt3;Wasf2;Mapk1;Dock1;Vav3;Plpp3;Actr3"	0.78697135191858	0.975534031920592	19	19	5563.5
"W112"	"path:mmu04650"	"Braf;Fyn;Pik3ca;Pik3r1;Prkca;Prkcb;Ppp3ca;Ppp3cb;Sos2;Mapk1;Vav3"	0.79857963050757	0.975534031920592	11	11	3247.5
"W229"	"path:mmu05217"	"Apc;Gli3;Tcf7l1;Tcf7l2;Gsk3b"	0.798707313062468	0.975534031920592	5	5	1318.5
"W44"	"path:mmu03250"	"Crebbp;Kat2b;Ell2;Ranbp2;Samhd1;Aff4"	0.802578954996215	0.975534031920592	6	6	1796
"W69"	"path:mmu04137"	"Eif2ak3;Usp15;Mitf;Ambra1;Prkn;Foxo3"	0.806428933639784	0.975534031920592	6	6	1596
"W151"	"path:mmu04922"	"Acacb;Phkb;Acaca;Camk2d;Prkag2;Camk2a;Crebbp;Gnaq;Gnas;Plcb1;Plcb4;Ppp3ca;Ppp3cb;Adcy2;Creb5;Sik2;Akt3;Creb3l1;Foxo1"	0.811530574227057	0.975534031920592	19	19	5194.5
"W148"	"path:mmu04919"	"Crebbp;Esr1;Ncoa1;Ncoa2;Ncoa3;Kat2b;Pdpk1;Pik3ca;Pik3r1;Prkca;Prkcb;Plcb1;Plcb4;Ncor1;Slc9a1;Tbc1d4;Thra;Thrb;Akt3;Mapk1;Med13;Foxo1;Gsk3b;Slc16a10;Plce1;Med13l;Atp1a2"	0.812008379085435	0.975534031920592	27	27	7834.5
"W206"	"path:mmu05163"	"Adcy9;Egfr;Ptk2;Gnaq;Gnas;Gnb1;Gng12;Il1r1;Jak1;Nfkb1;Pik3ca;Pik3r1;Prkca;Prkcb;Plcb1;Plcb4;Ppp3ca;Ppp3cb;Rock1;Rock2;Sos2;Stat3;Adcy2;Arhgef11;Creb5;Akt3;Mapk1;Mapk14;Creb3l1;Gsk3b;Arhgef12;Akap13"	0.815486740621944	0.975534031920592	32	32	8818
"W196"	"path:mmu05140"	"Jak1;Nfkb1;Prkcb;Tgfb2;Mapk1;Mapk14"	0.818006688996343	0.975534031920592	6	6	1602
"W82"	"path:mmu04217"	"Camk2d;Birc3;Xiap;Camk2a;Cflar;Faf1;Glud1;Hsp90ab1;Jak1;Stat3;Stat5b;Trpm7"	0.824810818665877	0.975534031920592	12	12	3517
"W219"	"path:mmu05206"	"Foxp1;Abl1;Apc;Bmpr2;Crebbp;Dnmt3a;Efna5;Egfr;Gls;Irs1;Mdm4;Nfkb1;Pdcd4;Pdgfrb;Pik3ca;Pik3r1;Prkca;Prkcb;Prkce;Pten;Rock1;Sos2;Stat3;Hdac4;Zeb1;Tgfb2;Zfpm2;Zeb2;Mapk1;Reck;Rptor;Tnxb"	0.826137497898116	0.975534031920592	32	32	8831
"W250"	"path:mmu05417"	"Camk2d;Rap1a;Abca1;Apaf1;Camk2a;Cdc42;Eif2ak3;Ptk2;Hsp90ab1;Nfkb1;Pdpk1;Pik3ca;Pik3r1;Prkca;Plcb1;Plcb4;Ppp3ca;Ppp3cb;Rock2;Stat3;Traf3;Atf6;Akt3;Mapk1;Mapk14;Gsk3b;Vav3"	0.827229512939424	0.975534031920592	27	27	7817.5
"W108"	"path:mmu04622"	"Nfkb1;Traf3;Mapk14"	0.831010910746297	0.975534031920592	3	3	908.5
"W72"	"path:mmu04142"	"Wdr7;Atp6v0b;Ap3b1;Atp6v0a1;Lamp2;Laptm4a;Ncoa7;Dmxl1;Cltc"	0.8323385336952	0.975534031920592	9	9	2437.5
"W156"	"path:mmu04927"	"Adcy9;Cacna1c;Gnaq;Gnas;Pbx1;Plcb1;Plcb4;Adcy2;Creb5;Creb3l1"	0.836458425551802	0.975534031920592	10	10	2933
"W63"	"path:mmu04110"	"Abl1;Crebbp;Smad3;Stag1;Stag2;Tgfb2;Cdc14b;Ywhae;Cul1;Gsk3b;Anapc5"	0.845534463783516	0.975534031920592	11	11	3000.5
"W213"	"path:mmu05170"	"Fbxw11;Btrc;Ptk2;Gnaq;Gnb1;Gng12;Nfkb1;Pik3ca;Pik3r1;Prkca;Prkcb;Ppp3ca;Ppp3cb;Akt3;Mapk1;Mapk14;Cul1;Samhd1"	0.846156726250352	0.975534031920592	18	18	5222
"W225"	"path:mmu05213"	"Braf;Apc;Ctnna1;Egfr;Pdpk1;Pik3ca;Pik3r1;Pten;Sos2;Tcf7l1;Tcf7l2;Ctnna3;Akt3;Mapk1;Foxo3;Gsk3b"	0.850857468985815	0.975534031920592	16	16	4395
"W61"	"path:mmu04072"	"Dnm3;Adcy9;Dnm1;Dnm2;Egfr;Fyn;Gab1;Gab2;Gnas;Lpar1;Insr;Pdgfrb;Pik3ca;Pik3r1;Prkca;Plcb1;Plcb4;Pld1;Plpp1;Sos2;Adcy2;Akt3;Mapk1;Plpp3;Pdgfd"	0.855863958105147	0.975534031920592	25	25	7214.5
"W53"	"path:mmu04024"	"Camk2d;Braf;Rap1a;Adcy9;Cacna1c;Camk2a;Crebbp;Gli3;Gnas;Gria4;Afdn;Ppp1r12a;Nfkb1;Pik3ca;Pik3r1;Pld1;Rock1;Rock2;Slc9a1;Adcy2;Creb5;Akt3;Pde4d;Abcc4;Mapk1;Creb3l1;Gria3;Pde3a;Vav3;Atp2b1;Plce1;Atp1a2"	0.856620372519241	0.975534031920592	32	32	8868
"W133"	"path:mmu04728"	"Camk2d;Arntl;Cacna1c;Camk2a;Clock;Gnaq;Gnas;Gnb1;Gng12;Gria4;Kif5b;Prkca;Prkcb;Plcb1;Plcb4;Ppp3ca;Ppp3cb;Creb5;Ppp2r3a;Akt3;Mapk14;Creb3l1;Ppp2r5c;Ppp2r5e;Gria3;Gsk3b"	0.858751405868683	0.975534031920592	26	26	7497
"W78"	"path:mmu04210"	"Apaf1;Birc3;Xiap;Cflar;Eif2ak3;Nfkb1;Pdpk1;Pik3ca;Pik3r1;Sptan1;Akt3;Mapk1"	0.859025876651261	0.975534031920592	12	12	3492
"W251"	"path:mmu05418"	"Acvr1;Bmpr1a;Bmpr2;Ptk2;Hsp90ab1;Sdc2;Il1r1;Mef2a;Mef2c;Nfkb1;Pik3ca;Pik3r1;Akt3;Mapk14"	0.863247583537636	0.975534031920592	14	14	3848
"W106"	"path:mmu04620"	"Nfkb1;Pik3ca;Pik3r1;Traf3;Akt3;Mapk1;Mapk14"	0.867502611797477	0.975534031920592	7	7	1904.5
"W179"	"path:mmu05010"	"Braf;Apaf1;Apc;App;Cacna1c;Rb1cc1;Eif2ak3;Gnaq;Slc39a7;Insr;Irs1;Kif5b;Klc1;Lrp1;Lrp6;Nfkb1;Pik3ca;Pik3r1;Plcb1;Plcb4;Ppp3ca;Ppp3cb;Rtn3;Mcu;Atf6;Ambra1;Akt3;Mapk1;Ulk2;Nox4;Gsk3b;Rtn4;Slc39a11;Csnk1a1"	0.869111307870113	0.975534031920592	34	34	9443
"W203"	"path:mmu05160"	"Braf;Apaf1;Cflar;Egfr;Eif2ak3;Jak1;Nfkb1;Pik3ca;Pik3r1;Sos2;Stat3;Traf3;Ywhae;Akt3;Mapk1;Pias1;Gsk3b"	0.869190057987707	0.975534031920592	17	17	4915.5
"W113"	"path:mmu04657"	"Hsp90ab1;Nfkb1;Traf3;Mapk1;Mapk14;Usp25;Gsk3b;Anapc5"	0.871012528500529	0.975534031920592	8	8	2184
"W120"	"path:mmu04668"	"Birc3;Cflar;Itch;Mmp14;Nfkb1;Pik3ca;Pik3r1;Traf3;Creb5;Akt3;Mapk1;Mapk14;Creb3l1"	0.876521145541962	0.977359861400772	13	13	3579.5
"W180"	"path:mmu05012"	"Camk2d;Apaf1;Camk2a;Eif2ak3;Gnas;Slc39a7;Kif5b;Klc1;Mcu;Atf6;Prkn;Slc39a11"	0.883829646066547	0.981167712813965	12	12	3306
"W41"	"path:mmu03022"	"Mnat1;Taf15"	0.891660523937871	0.983631938793566	2	2	533
"W232"	"path:mmu05220"	"Braf;Abl1;Gab2;Smad3;Nfkb1;Pik3ca;Pik3r1;Sos2;Stat5b;Tgfb2;Tgfbr1;Tgfbr2;Akt3;Mapk1"	0.893856007871931	0.983631938793566	14	14	3872
"W189"	"path:mmu05033"	"Gria4;Gria3"	0.898500731965676	0.984157235379692	2	2	595
"W191"	"path:mmu05100"	"Dnm3;Ctnna1;Cd2ap;Cdc42;Dnm1;Dnm2;Elmo1;Ptk2;Fn1;Gab1;Pik3ca;Pik3r1;Ctnna3;Wasf2;Dock1;Cltc;Actr3;Arhgap10"	0.902144132431384	0.984157235379692	18	18	4998
"W111"	"path:mmu04640"	"Cd34;Il1r1"	0.908775041602389	0.987117717602595	2	2	538
"W100"	"path:mmu04520"	"Ctnna1;Ctnnd1;Cdc42;Crebbp;Egfr;Fer;Fgfr1;Fyn;Igf1r;Insr;Smad3;Afdn;Ptprj;Ptprm;Sorbs1;Tcf7l1;Tcf7l2;Ctnna3;Tgfbr1;Tgfbr2;Wasf2;Mapk1;Iqgap1;Actn4;Pard3"	0.926920472768364	0.99473426536248	25	25	7139.5
"W235"	"path:mmu05223"	"Braf;Egfr;Fhit;Kif5b;Pdpk1;Pik3ca;Pik3r1;Prkca;Prkcb;Sos2;Stat3;Stat5b;Akt3;Mapk1;Foxo3"	0.928475010895377	0.99473426536248	15	15	4179.5
"W70"	"path:mmu04140"	"Rb1cc1;Cflar;Eif2ak3;Igf1r;Irs1;Lamp2;Pdpk1;Pik3ca;Pik3r1;Pten;Ambra1;Akt3;Mapk1;Ulk2;Atg10;Dapk1;Mtmr3;Rptor;Uvrag;Deptor"	0.931877927414799	0.99473426536248	20	20	5586
"W145"	"path:mmu04916"	"Camk2d;Adcy9;Camk2a;Crebbp;Gnaq;Gnas;Mitf;Prkca;Prkcb;Plcb1;Plcb4;Adcy2;Tcf7l1;Tcf7l2;Mapk1;Creb3l1;Gsk3b"	0.936410734618279	0.99473426536248	17	17	4857.5
"W73"	"path:mmu04144"	"Dnm3;Gbf1;Ap2a2;Arf4;Cdc42;Dab2;Asap1;Dnm1;Dnm2;Egfr;Eps15;Fgfr2;Igf1r;Itch;Kif5b;Smad3;Nedd4;Pld1;Rab10;Cblb;Arfgef1;Wipf1;Eea1;Tgfbr1;Tgfbr2;Arfgap1;Psd3;Iqsec2;Agap1;Rabep1;Sh3kbp1;Smurf2;Cltc;Snx6;Actr3;Acap2;Nedd4l;Pard3"	0.93751017459749	0.99473426536248	38	38	10817
"W157"	"path:mmu04928"	"Braf;Adcy9;Egfr;Fgfr1;Gnaq;Gnas;Lrp6;Mef2a;Mef2c;Mmp14;Prkca;Prkcb;Plcb1;Plcb4;Pld1;Adcy2;Arhgef11;Creb5;Pde4d;Mapk1;Creb3l1;Akap13"	0.942286713082905	0.99473426536248	22	22	6272
"W153"	"path:mmu04924"	"Cacna1c;Gnaq;Gnas;Plcb1;Plcb4;Ppp3ca;Ppp3cb;Pde3a"	0.947700917183728	0.99473426536248	8	8	2291
"W33"	"path:mmu01521"	"Braf;Egfr;Fgfr2;Gab1;Gas6;Igf1r;Jak1;Nf1;Pdgfrb;Pik3ca;Pik3r1;Prkca;Prkcb;Pten;Sos2;Stat3;Akt3;Mapk1;Foxo3;Gsk3b;Pdgfd"	0.952375418613568	0.99473426536248	21	21	5978.5
"W74"	"path:mmu04145"	"Atp6v0b;Atp6v0a1;Dync1h1;Colec12;Lamp2;Mrc2;Pla2r1;Eea1"	0.952838767195411	0.99473426536248	8	8	2232
"W25"	"path:mmu00620"	"Acacb;Acaca;Acyp2"	0.959208619319674	0.99473426536248	3	3	862.5
"W124"	"path:mmu04714"	"Kdm3a;Prkag2;Rps6ka3;Adcy9;Fgfr1;Gnas;Prkg1;Sos2;Adcy2;Creb5;Mgll;Arid1b;Mapk14;Creb3l1;Frs2;Cox16;Smarca2;Rptor;Arid1a"	0.959759767409512	0.99473426536248	19	19	5330.5
"W200"	"path:mmu05145"	"Birc3;Xiap;Jak1;Lama2;Lama4;Nfkb1;Pdpk1;Stat3;Tgfb2;Lamc1;Akt3;Mapk1;Mapk14"	0.963155399795417	0.99473426536248	13	13	3644.5
"W36"	"path:mmu01524"	"Apaf1;Birc3;Xiap;Pdpk1;Pik3ca;Pik3r1;Rev3l;Akt3;Mapk1"	0.973334212182673	0.997591867287515	9	9	2525.5
"W66"	"path:mmu04120"	"Ube3c;Fbxw11;Birc3;Xiap;Birc6;Btrc;Trip12;Herc2;Itch;Mid1;Pias2;Nedd4;Cblb;Ube2e2;Ube2b;Ube2h;Ube3a;Herc1;Cop1;Cul3;Cul1;Prkn;Ube2k;Pias1;Anapc5;Huwe1;Ube4b;Ube2d3;Smurf2;Herc4;Ube2r2;Ubr5;Nedd4l"	0.975605573120737	0.997591867287515	33	33	9352.5
"W240"	"path:mmu05231"	"Slc44a1;Egfr;Pdgfrb;Pdpk1;Pik3ca;Pik3r1;Prkca;Prkcb;Pld1;Plpp1;Sos2;Akt3;Wasf2;Mapk1;Plpp3;Pdgfd"	0.980119647377291	0.997591867287515	16	16	4537
"W117"	"path:mmu04662"	"Nfkb1;Pik3ca;Pik3r1;Prkcb;Ppp3ca;Ppp3cb;Sos2;Akt3;Mapk1;Gsk3b;Vav3"	0.981757075743269	0.997591867287515	11	11	3120.5
"W164"	"path:mmu04935"	"Adcy9;Cacna1c;Crebbp;Ptk2;Ghr;Gnaq;Gnas;Irs1;Pik3ca;Pik3r1;Prkca;Prkcb;Plcb1;Plcb4;Sos2;Stat3;Stat5b;Adcy2;Creb5;Akt3;Mapk1;Mapk14;Creb3l1;Gsk3b"	0.986808658328239	0.998697919271952	24	24	6766
"W17"	"path:mmu00534"	"Ext1;Xylt1"	0.994825057562156	0.999375722712524	2	2	563
"W159"	"path:mmu04930"	"Cacna1c;Insr;Irs1;Pik3ca;Pik3r1;Prkce;Mapk1"	0.995409946035094	0.999375722712524	7	7	1980.5
"W138"	"path:mmu04810"	"C7;Braf;Apc;Cdc42;Diaph1;Egfr;Ptk2;Fgfr1;Fgfr2;Fn1;Gng12;Lpar1;Ppp1r12a;Pdgfrb;Pik3ca;Pik3r1;Pip4k2a;Rock1;Rock2;Cyfip1;Slc9a1;Sos2;Gsn;Ssh2;Akt3;Wasf2;Mapk1;Iqgap1;Ppp1r12b;Dock1;Nckap1;Diaph2;Iqgap2;Vav3;Actn4;Arhgef12;Pdgfd;Actr3"	1	1	38	38	10735
